Time,Latitude, Longitute
117064,42.2753765,-71.8074009
9690047,42.2753765,-71.8074009
30002118,42.2753763,-71.8074009
50040007,42.275376,-71.8074008
69857121,42.2753758,-71.8074007
89940072,42.2753755,-71.8074009
111025095,42.2753755,-71.8074009
130042077,42.2753753,-71.8074009
151139021,42.2753751,-71.8074009
170066119,42.2753749,-71.8074009
189834118,42.2753746,-71.807401
209969998,42.2753746,-71.807401
229651928,42.2753744,-71.807401
251142025,42.2753742,-71.807401
269827128,42.275374,-71.8074009
290472985,42.2753738,-71.8074008
309582949,42.2753738,-71.8074008
329883099,42.2753736,-71.8074007
350138903,42.2753734,-71.8074007
369596005,42.2753731,-71.8074005
389995099,42.2753729,-71.8074005
409528017,42.2753729,-71.8074005
430706978,42.2753727,-71.8074003
450549126,42.2753724,-71.8074001
469983101,42.2753722,-71.8073998
490013123,42.2753719,-71.8073995
509738923,42.2753719,-71.8073995
529670001,42.2753717,-71.8073993
550539971,42.2753715,-71.8073991
570338965,42.2753713,-71.8073989
589728117,42.275371,-71.8073988
610031128,42.275371,-71.8073988
629667044,42.2753709,-71.8073986
650295020,42.2753707,-71.8073983
669542075,42.2753706,-71.8073981
689887047,42.2753704,-71.8073978
709728003,42.2753704,-71.8073978
729912997,42.2753703,-71.8073976
753072978,42.2753703,-71.8073974
770038128,42.2753703,-71.8073973
789981127,42.2753704,-71.8073972
809916974,42.2753704,-71.8073972
829814911,42.2753705,-71.8073971
857471943,42.2753708,-71.8073972
869728089,42.275371,-71.8073973
889773131,42.2753712,-71.8073971
909980059,42.2753712,-71.8073971
931203127,42.2753713,-71.8073971
949773074,42.2753715,-71.807397
969794035,42.2753718,-71.8073968
989732028,42.2753719,-71.8073967
1009537936,42.2753719,-71.8073967
1030409098,42.2753723,-71.8073966
1049793959,42.2753728,-71.8073971
1070547104,42.275373,-71.8073974
1089711905,42.275374,-71.8073991
1110075951,42.275374,-71.8073991
1130280018,42.2753742,-71.8073991
1150064946,42.2753742,-71.8073985
1169879914,42.2753734,-71.8073971
1189692975,42.2753725,-71.8073956
1210065127,42.2753725,-71.8073956
1230098963,42.2753717,-71.8073943
1249735117,42.2753707,-71.8073931
1270031929,42.2753699,-71.8073916
1290585995,42.2753692,-71.8073905
1309750081,42.2753692,-71.8073905
1330176115,42.2753684,-71.8073891
1349792004,42.2753679,-71.8073881
1369606972,42.2753676,-71.8073874
1389970065,42.2753675,-71.8073871
1409929991,42.2753675,-71.8073871
1430342913,42.2753675,-71.8073873
1449618102,42.2753672,-71.8073869
1469610930,42.2753672,-71.8073864
1489624978,42.2753679,-71.807388
1510493994,42.2753679,-71.807388
1529556990,42.2753688,-71.8073901
1550203085,42.2753693,-71.8073913
1569778920,42.2753702,-71.8073931
1589788914,42.2753707,-71.8073941
1609522105,42.2753707,-71.8073941
1629689932,42.2753712,-71.8073949
1651264906,42.2753716,-71.8073964
1669652939,42.2753724,-71.8073975
1690127135,42.2753732,-71.8073992
1709895134,42.2753732,-71.8073992
1729784012,42.2753737,-71.8074002
1749747992,42.2753749,-71.807402
1776912928,42.2753755,-71.8074032
1789495945,42.2753759,-71.8074046
1809669018,42.2753759,-71.8074046
1830080033,42.275377,-71.8074068
1849978924,42.2753781,-71.8074093
1870158911,42.2753793,-71.8074112
1889843941,42.2753797,-71.807413
1909563065,42.2753797,-71.807413
1930108071,42.2753809,-71.8074151
1949721098,42.2753819,-71.8074169
1970217944,42.2753824,-71.8074181
1989845038,42.2753831,-71.8074201
2009704113,42.2753831,-71.8074201
2029873133,42.2753836,-71.8074221
2050480128,42.2753844,-71.8074245
2089600087,42.2753853,-71.8074275
2096354962,42.2753854,-71.8074299
2109276057,42.2753854,-71.8074299
2130065918,42.2753861,-71.8074334
2150734902,42.2753872,-71.807435
2169958115,42.2753877,-71.8074371
2190726996,42.2753887,-71.8074408
2209748030,42.2753887,-71.8074408
2229994059,42.275389,-71.8074443
2249750138,42.2753894,-71.8074473
2270160914,42.2753897,-71.8074499
2289825917,42.2753902,-71.8074531
2309428931,42.2753902,-71.8074531
2329463006,42.2753907,-71.8074557
2349812031,42.2753908,-71.8074583
2370463133,42.2753911,-71.8074611
2389758110,42.2753915,-71.8074635
2409802914,42.2753915,-71.8074635
2429872990,42.2753921,-71.8074673
2449607134,42.2753924,-71.8074703
2470462084,42.2753927,-71.8074732
2489501954,42.2753935,-71.8074774
2509717942,42.2753935,-71.8074774
2529845000,42.2753939,-71.8074803
2549964905,42.2753942,-71.8074832
2570333958,42.2753944,-71.8074872
2589864970,42.275394,-71.8074914
2609791041,42.275394,-71.8074914
2629758120,42.2753935,-71.8074954
2649800063,42.2753934,-71.8074994
2670195103,42.2753932,-71.8075031
2689793110,42.2753927,-71.8075068
2710477114,42.2753927,-71.8075068
2729787112,42.2753924,-71.8075105
2750400067,42.2753919,-71.8075141
2770026923,42.275391,-71.8075172
2789927960,42.2753903,-71.8075198
2809859038,42.2753903,-71.8075198
2829718113,42.2753891,-71.8075229
2850155116,42.2753879,-71.8075262
2869874955,42.2753865,-71.8075288
2889765978,42.2753845,-71.8075314
2910084010,42.2753845,-71.8075314
2929937125,42.2753832,-71.8075338
2950567961,42.2753818,-71.8075363
2969842911,42.2753806,-71.8075379
2989758969,42.2753795,-71.8075394
3009855986,42.2753795,-71.8075394
3030066967,42.275379,-71.8075402
3050204993,42.2753792,-71.8075397
3069653035,42.2753801,-71.807538
3089704991,42.2753812,-71.8075366
3109966994,42.2753812,-71.8075366
3129683018,42.2753819,-71.8075366
3150203944,42.2753834,-71.8075353
3169774056,42.2753849,-71.8075351
3190351963,42.2753872,-71.8075328
3209568024,42.2753872,-71.8075328
3229625941,42.2753898,-71.8075318
3265909911,42.275393,-71.8075305
3274701119,42.2753965,-71.8075293
3289427042,42.2754005,-71.8075294
3309859992,42.2754005,-71.8075294
3329805136,42.2754052,-71.8075285
3350450039,42.2754106,-71.807528
3369581938,42.2754165,-71.8075277
3389637948,42.2754232,-71.8075271
3409713984,42.2754232,-71.8075271
3430699110,42.2754306,-71.8075261
3450223923,42.2754384,-71.8075251
3470021010,42.2754469,-71.8075246
3489771128,42.2754561,-71.8075231
3509827137,42.2754561,-71.8075231
3530177117,42.2754656,-71.8075219
3549920083,42.2754757,-71.8075206
3569905997,42.2754863,-71.8075185
3589821101,42.2754973,-71.8075174
3609744072,42.2754973,-71.8075174
3630350113,42.2755085,-71.8075145
3649944067,42.2755205,-71.8075129
3669531107,42.2755328,-71.80751
3689564944,42.2755453,-71.8075079
3710256100,42.2755453,-71.8075079
3729537011,42.2755578,-71.8075056
3750303030,42.2755707,-71.8075028
3769726038,42.275584,-71.8075001
3789654017,42.2755975,-71.8074963
3809986115,42.2755975,-71.8074963
3829522133,42.2756109,-71.8074939
3849879027,42.2756248,-71.8074912
3869662047,42.2756384,-71.8074886
3890571118,42.2756517,-71.8074854
3909562111,42.2756517,-71.8074854
3929539919,42.2756644,-71.8074827
3949954987,42.2756768,-71.8074801
3969654084,42.2756894,-71.8074777
3990270138,42.2757018,-71.8074748
4011420966,42.2757018,-71.8074748
4029920102,42.2757143,-71.807472
4050071002,42.275727,-71.8074695
4070121050,42.2757397,-71.8074673
4089601040,42.2757524,-71.8074645
4109628916,42.2757524,-71.8074645
4129760027,42.2757649,-71.8074616
4149533987,42.2757775,-71.8074592
4170942069,42.2757895,-71.8074567
4189371109,42.275801,-71.8074543
4209643126,42.275801,-71.8074543
4229608059,42.2758123,-71.8074519
4249531985,42.2758228,-71.8074498
4269901038,42.2758329,-71.807448
4289706946,42.2758424,-71.8074463
4309673071,42.2758424,-71.8074463
4329811097,42.2758512,-71.8074445
4349751950,42.2758596,-71.807443
4369547129,42.275867,-71.8074417
4405971051,42.2758736,-71.8074385
4410171032,42.2758736,-71.8074385
4429728032,42.2758796,-71.8074363
4449741126,42.2758847,-71.8074341
4470299006,42.2758892,-71.8074322
4489673138,42.2758929,-71.8074309
4509608984,42.2758929,-71.8074309
4529737950,42.2758955,-71.8074293
4549641133,42.2758972,-71.8074289
4570462943,42.275898,-71.8074285
4590039015,42.2758979,-71.8074286
4609671116,42.2758979,-71.8074286
4629945994,42.2758981,-71.8074285
4649708033,42.275898,-71.8074284
4670377970,42.2758981,-71.8074287
4689541102,42.275898,-71.8074287
4709913016,42.275898,-71.8074287
4729838133,42.275898,-71.8074289
4750322104,42.275898,-71.8074291
4770328999,42.2758978,-71.8074291
4789758921,42.2758977,-71.8074291
4809545041,42.2758977,-71.8074291
4829607964,42.2758975,-71.8074291
4850275994,42.2758974,-71.807429
4870033980,42.2758973,-71.8074291
4890305043,42.2758972,-71.8074292
4910018921,42.2758972,-71.8074292
4930505038,42.2758971,-71.8074293
4949695111,42.275897,-71.8074294
4970221043,42.2758969,-71.8074295
4989953042,42.2758967,-71.8074296
5009639025,42.2758967,-71.8074296
5029618025,42.2758965,-71.8074296
5049824000,42.2758963,-71.8074297
5071877003,42.2758961,-71.8074298
5089620114,42.2758959,-71.80743
5109709979,42.2758959,-71.80743
5129822016,42.2758957,-71.80743
5150727034,42.2758954,-71.8074302
5169508934,42.2758952,-71.8074303
5189794064,42.275895,-71.8074305
5209684134,42.275895,-71.8074305
5229665041,42.2758947,-71.8074307
5250123024,42.2758945,-71.8074308
5269704104,42.2758943,-71.8074309
5289536953,42.2758941,-71.8074311
5309529067,42.2758941,-71.8074311
5330986023,42.2758938,-71.8074312
5350424052,42.2758936,-71.8074313
5370201111,42.2758933,-71.8074314
5389555932,42.275893,-71.8074315
5409773112,42.275893,-71.8074315
5429759026,42.2758926,-71.8074316
5450052023,42.2758923,-71.8074317
5469763995,42.2758919,-71.8074317
5489921093,42.2758916,-71.8074319
5509716034,42.2758916,-71.8074319
5529662133,42.2758913,-71.8074319
5560010910,42.275891,-71.807432
5569628001,42.2758908,-71.807432
5589714051,42.2758904,-71.8074322
5609687090,42.2758904,-71.8074322
5629703045,42.2758901,-71.8074323
5650352002,42.2758898,-71.8074324
5669798136,42.2758895,-71.8074325
5689602137,42.2758891,-71.8074326
5709594012,42.2758891,-71.8074326
5729854107,42.2758888,-71.8074327
5750190020,42.2758885,-71.8074328
5771773100,42.2758883,-71.8074329
5789628983,42.2758879,-71.807433
5809637070,42.2758879,-71.807433
5830287934,42.2758877,-71.8074332
5849682093,42.2758875,-71.8074333
5869539977,42.2758873,-71.8074335
5889405013,42.2758871,-71.8074337
5909572125,42.2758871,-71.8074337
5929899931,42.2758869,-71.8074338
5949744940,42.2758866,-71.8074339
5969733954,42.2758865,-71.807434
5989824057,42.2758862,-71.8074341
6009700060,42.2758862,-71.8074341
6030173064,42.275886,-71.8074343
6049673081,42.2758858,-71.8074344
6069616080,42.2758856,-71.8074345
6089554072,42.2758854,-71.8074347
6109636069,42.2758854,-71.8074347
6130388976,42.2758852,-71.8074348
6149661065,42.2758849,-71.8074349
6170747042,42.2758846,-71.807435
6189707041,42.2758844,-71.8074351
6210407973,42.2758844,-71.8074351
6230349064,42.2758842,-71.8074352
6249824048,42.275884,-71.8074352
6269609929,42.2758839,-71.8074353
6289529086,42.2758838,-71.8074354
6309984923,42.2758838,-71.8074354
6329873085,42.275884,-71.8074352
6350073100,42.2758847,-71.8074347
6369841099,42.275886,-71.8074339
6390239954,42.2758877,-71.8074325
6409625054,42.2758877,-71.8074325
6430153132,42.27589,-71.8074308
6449726105,42.2758924,-71.8074286
6469785929,42.2758953,-71.8074261
6489589930,42.2758985,-71.807423
6509928942,42.2758985,-71.807423
6529508114,42.2759017,-71.8074195
6550344944,42.2759054,-71.8074157
6573447943,42.2759091,-71.8074115
6589848042,42.2759126,-71.8074066
6610193015,42.2759126,-71.8074066
6629509926,42.275916,-71.8074001
6649481059,42.2759193,-71.8073938
6669675112,42.2759224,-71.8073866
6689465046,42.2759248,-71.8073793
6723077059,42.2759248,-71.8073793
6729454041,42.2759266,-71.8073711
6749973059,42.275928,-71.8073628
6769705058,42.2759287,-71.8073543
6789525986,42.2759287,-71.8073458
6810944081,42.2759287,-71.8073458
6829574109,42.2759284,-71.8073367
6850634099,42.2759278,-71.807327
6869596005,42.2759267,-71.8073172
6890305996,42.2759245,-71.8073074
6910368920,42.2759245,-71.8073074
6929567099,42.2759218,-71.8072972
6949867964,42.2759185,-71.8072868
6969653130,42.2759147,-71.807276
6990124941,42.2759108,-71.807265
7009678126,42.2759108,-71.807265
7029820919,42.2759065,-71.8072535
7049721003,42.2759018,-71.8072417
7069622040,42.2758967,-71.8072296
7090295077,42.2758917,-71.8072169
7109590054,42.2758917,-71.8072169
7129674912,42.2758866,-71.8072036
7149631024,42.2758812,-71.80719
7169977904,42.2758753,-71.8071758
7190355063,42.2758694,-71.807161
7209655047,42.2758694,-71.807161
7229849101,42.2758634,-71.8071457
7250010968,42.2758573,-71.80713
7270386935,42.275851,-71.8071137
7289525032,42.2758441,-71.8070969
7309910059,42.2758441,-71.8070969
7329555035,42.2758375,-71.8070794
7349678040,42.2758305,-71.8070616
7370366097,42.2758232,-71.8070435
7389706135,42.275816,-71.8070247
7409639121,42.275816,-71.8070247
7429700137,42.2758086,-71.8070056
7450441123,42.2758008,-71.8069865
7469917059,42.2757929,-71.8069671
7489772082,42.2757847,-71.8069475
7509719134,42.2757847,-71.8069475
7529670954,42.2757764,-71.8069276
7550168992,42.2757682,-71.8069072
7569550038,42.2757597,-71.8068867
7589782000,42.2757514,-71.8068656
7609785080,42.2757514,-71.8068656
7629558087,42.2757426,-71.8068444
7650213004,42.2757341,-71.8068224
7669755936,42.2757255,-71.8068002
7689530135,42.2757168,-71.8067777
7709821940,42.2757168,-71.8067777
7729984999,42.2757077,-71.8067553
7749562026,42.2756987,-71.8067323
7769670010,42.2756892,-71.8067094
7789530993,42.2756798,-71.8066864
7810022116,42.2756798,-71.8066864
7843982935,42.2756701,-71.8066629
7852453948,42.2756604,-71.8066393
7869486094,42.2756506,-71.8066155
7890084982,42.2756408,-71.8065913
7909640074,42.2756408,-71.8065913
7930026055,42.2756307,-71.8065673
7949500084,42.2756208,-71.8065426
7969846964,42.2756111,-71.8065175
7989829064,42.2756013,-71.8064925
8009701968,42.2756013,-71.8064925
8030517102,42.2755915,-71.8064676
8049675942,42.2755817,-71.8064423
8070145131,42.275572,-71.806417
8089492083,42.2755622,-71.8063916
8109861136,42.2755622,-71.8063916
8130193949,42.2755527,-71.8063664
8149716139,42.275543,-71.8063412
8169816018,42.2755335,-71.8063157
8189604998,42.275524,-71.8062907
8209965945,42.275524,-71.8062907
8229639054,42.2755149,-71.8062655
8249496937,42.2755059,-71.8062399
8269520045,42.2754962,-71.8062148
8289834977,42.2754865,-71.80619
8310220957,42.2754865,-71.80619
8329540015,42.275477,-71.8061647
8349739075,42.2754676,-71.8061395
8369717122,42.2754578,-71.8061144
8390449048,42.2754481,-71.8060893
8409513951,42.2754481,-71.8060893
8429742098,42.2754385,-71.806064
8449636937,42.275429,-71.8060388
8470097065,42.2754194,-71.8060137
8490350962,42.2754103,-71.8059881
8509660006,42.2754103,-71.8059881
8529552937,42.2754007,-71.8059634
8549618006,42.2753913,-71.8059384
8569793940,42.2753818,-71.805914
8589663983,42.2753728,-71.8058892
8609612942,42.2753728,-71.8058892
8629384995,42.275364,-71.8058639
8650223971,42.2753545,-71.8058396
8669383049,42.2753454,-71.8058151
8690104008,42.2753365,-71.8057906
8709609986,42.2753365,-71.8057906
8729326010,42.2753277,-71.8057661
8749486924,42.275319,-71.8057414
8769616127,42.2753104,-71.8057173
8790023089,42.2753016,-71.8056929
8809492112,42.2753016,-71.8056929
8829612017,42.2752928,-71.8056688
8849640131,42.275284,-71.8056444
8870723963,42.275275,-71.8056202
8889635087,42.2752661,-71.8055961
8909461022,42.2752661,-71.8055961
8929493905,42.2752569,-71.8055721
8949674130,42.2752473,-71.8055482
8986357928,42.2752382,-71.8055243
8995911122,42.2752294,-71.8055
9009381056,42.2752294,-71.8055
9029685975,42.2752203,-71.8054759
9049890995,42.2752116,-71.8054515
9069724083,42.2752027,-71.8054272
9090311051,42.2751938,-71.8054029
9109543086,42.2751938,-71.8054029
9129780055,42.275185,-71.8053786
9149572134,42.2751763,-71.8053539
9169428111,42.2751675,-71.8053289
9190309048,42.2751585,-71.8053041
9209600926,42.2751585,-71.8053041
9229857922,42.2751496,-71.8052792
9249598980,42.2751404,-71.8052542
9269845009,42.275131,-71.8052293
9290297032,42.275122,-71.8052039
9309694052,42.275122,-71.8052039
9329572916,42.2751125,-71.8051786
9349801064,42.275103,-71.8051534
9370794058,42.2750931,-71.805128
9389780045,42.2750834,-71.8051024
9410058022,42.2750834,-71.8051024
9429767132,42.2750739,-71.8050762
9450654984,42.2750643,-71.80505
9470225096,42.275055,-71.8050234
9489560128,42.2750454,-71.804997
9509669066,42.2750454,-71.804997
9529529095,42.2750358,-71.8049702
9549637080,42.2750263,-71.8049435
9569970131,42.2750164,-71.8049166
9589596034,42.2750069,-71.8048894
9609547139,42.2750069,-71.8048894
9629717112,42.2749972,-71.8048622
9649503947,42.2749873,-71.8048346
9670377017,42.2749776,-71.8048073
9689804078,42.2749679,-71.8047797
9709523917,42.2749679,-71.8047797
9729561091,42.274958,-71.8047522
9749907017,42.2749481,-71.8047247
9769658089,42.2749381,-71.8046972
9789600134,42.2749279,-71.8046698
9809554100,42.2749279,-71.8046698
9829824925,42.2749179,-71.8046417
9850697041,42.2749078,-71.804614
9869734049,42.2748975,-71.8045868
9889746905,42.2748874,-71.8045596
9909656048,42.2748874,-71.8045596
9929773093,42.2748774,-71.8045321
9949443102,42.2748674,-71.8045044
9969550133,42.2748574,-71.8044771
9989548922,42.2748475,-71.8044502
10009500981,42.2748475,-71.8044502
10030228138,42.2748375,-71.8044236
10049614907,42.2748274,-71.8043973
10071182013,42.2748174,-71.8043716
10089589119,42.2748075,-71.804346
10109525919,42.2748075,-71.804346
10137994051,42.2747977,-71.8043206
10149397135,42.2747884,-71.8042953
10169440032,42.274779,-71.8042705
10189403058,42.2747698,-71.8042458
10209605933,42.2747698,-71.8042458
10230129004,42.2747606,-71.8042217
10249516011,42.2747513,-71.8041978
10269717932,42.2747422,-71.8041745
10289673090,42.2747329,-71.8041511
10309799910,42.2747329,-71.8041511
10330224038,42.2747238,-71.804128
10349718094,42.2747147,-71.8041051
10369552136,42.2747054,-71.8040825
10389516116,42.2746962,-71.8040596
10409518004,42.2746962,-71.8040596
10429843903,42.2746871,-71.8040371
10449820996,42.274678,-71.8040148
10469530106,42.2746687,-71.8039929
10489323140,42.2746596,-71.8039706
10509721041,42.2746596,-71.8039706
10529786110,42.2746506,-71.8039488
10549416066,42.2746417,-71.8039269
10569432021,42.2746332,-71.8039049
10589627982,42.274625,-71.8038833
10609998942,42.274625,-71.8038833
10630235911,42.2746172,-71.8038625
10649720908,42.27461,-71.8038431
10669325114,42.2746036,-71.8038249
10689572096,42.2745976,-71.8038086
10709621907,42.2745976,-71.8038086
10729893923,42.2745924,-71.8037936
10749582053,42.2745884,-71.8037797
10769400120,42.2745846,-71.8037678
10789505959,42.2745812,-71.8037576
10809487105,42.2745812,-71.8037576
10829652071,42.2745783,-71.8037489
10849699021,42.2745756,-71.8037412
10869759083,42.2745735,-71.8037344
10889429093,42.2745714,-71.8037286
10910696984,42.2745714,-71.8037286
10929613114,42.2745695,-71.8037239
10949898005,42.2745681,-71.8037193
10969607115,42.2745667,-71.8037156
10989601136,42.2745655,-71.8037116
11010318995,42.2745655,-71.8037116
11029895068,42.2745644,-71.8037077
11049528122,42.2745632,-71.8037035
11069710017,42.274562,-71.8036994
11090003968,42.2745608,-71.8036951
11109928132,42.2745608,-71.8036951
11129676104,42.2745597,-71.8036906
11149608136,42.2745588,-71.8036851
11169564963,42.2745583,-71.8036789
11189532996,42.2745578,-71.8036725
11209646941,42.2745578,-71.8036725
11229722023,42.2745584,-71.8036654
11249890089,42.2745591,-71.8036577
11269979954,42.2745603,-71.8036488
11289479971,42.2745632,-71.8036402
11327230931,42.2745632,-71.8036402
11331036091,42.2745666,-71.803631
11349461079,42.274571,-71.8036218
11369420052,42.2745766,-71.8036128
11389379025,42.2745808,-71.8036086
11410161972,42.2745808,-71.8036086
11429356099,42.2745877,-71.8036017
11449275017,42.2745971,-71.8035939
11469330073,42.2746075,-71.8035868
11489675999,42.2746186,-71.8035804
11510057927,42.2746186,-71.8035804
11529804945,42.27463,-71.8035725
11549540997,42.2746416,-71.8035656
11569487095,42.2746536,-71.8035593
11589519024,42.2746661,-71.8035519
11610430003,42.2746661,-71.8035519
11629854918,42.2746793,-71.8035431
11649544955,42.2746927,-71.8035342
11669852019,42.2747063,-71.8035246
11689466954,42.2747201,-71.8035154
11709617138,42.2747201,-71.8035154
11730324030,42.2747342,-71.803506
11749450922,42.2747486,-71.8034957
11769405127,42.2747634,-71.8034857
11789535046,42.2747782,-71.8034749
11810288907,42.2747782,-71.8034749
11829585076,42.2747933,-71.8034638
11849996090,42.2748085,-71.8034532
11869322062,42.274824,-71.8034437
11889518977,42.2748398,-71.8034325
11910305977,42.2748398,-71.8034325
11929537058,42.2748557,-71.8034226
11949486018,42.2748722,-71.803412
11969347001,42.2748887,-71.8034007
11989586115,42.2749054,-71.803389
12010203124,42.2749054,-71.803389
12029562951,42.2749224,-71.8033769
12049772025,42.2749392,-71.8033661
12069540024,42.2749565,-71.8033541
12089605093,42.2749737,-71.8033423
12110158921,42.2749737,-71.8033423
12129451037,42.2749913,-71.8033301
12149457932,42.2750089,-71.8033177
12169327975,42.2750267,-71.8033053
12190038920,42.2750446,-71.803293
12209512949,42.2750446,-71.803293
12229418993,42.2750629,-71.8032807
12250478030,42.2750812,-71.8032686
12269344092,42.2750996,-71.8032562
12289878130,42.2751181,-71.8032432
12309545041,42.2751181,-71.8032432
12329455138,42.2751366,-71.8032304
12349290133,42.2751553,-71.8032177
12369285107,42.275174,-71.8032045
12389769078,42.275193,-71.803191
12409521103,42.275193,-71.803191
12429958106,42.275212,-71.8031777
12449575901,42.2752311,-71.8031646
12469578982,42.2752502,-71.8031514
12499109030,42.2752694,-71.8031379
12509522915,42.2752694,-71.8031379
12529634953,42.2752883,-71.8031247
12549340964,42.2753073,-71.8031115
12569394112,42.2753265,-71.8030982
12589932919,42.2753456,-71.8030843
12610104084,42.2753456,-71.8030843
12629596949,42.2753648,-71.803071
12649636031,42.2753838,-71.8030576
12669508934,42.2754029,-71.8030441
12690119029,42.2754216,-71.8030301
12709491969,42.2754216,-71.8030301
12729372979,42.2754403,-71.8030161
12749469996,42.2754587,-71.8030021
12769444943,42.2754768,-71.8029888
12789765120,42.2754946,-71.8029753
12810004950,42.2754946,-71.8029753
12829376936,42.2755123,-71.8029621
12849395037,42.2755293,-71.8029483
12869442940,42.2755458,-71.802934
12889513016,42.275562,-71.8029193
12910145045,42.275562,-71.8029193
12929546118,42.2755783,-71.8029046
12949616909,42.2755949,-71.80289
12969881058,42.2756115,-71.8028763
12990060091,42.2756286,-71.8028624
13009526015,42.2756286,-71.8028624
13029370070,42.2756458,-71.8028491
13049386025,42.2756634,-71.8028362
13069490910,42.2756812,-71.8028236
13089364052,42.2756993,-71.8028115
13110033989,42.2756993,-71.8028115
13129601956,42.2757177,-71.8027995
13149559021,42.275736,-71.8027877
13169415951,42.2757545,-71.8027762
13189428091,42.2757729,-71.8027643
13209787131,42.2757729,-71.8027643
13229332924,42.2757912,-71.8027523
13249387026,42.2758095,-71.8027403
13269422055,42.2758276,-71.8027282
13290493012,42.2758458,-71.802716
13309291125,42.2758458,-71.802716
13329489947,42.2758639,-71.8027036
13349373103,42.2758822,-71.8026919
13369694949,42.2759005,-71.8026799
13389966011,42.2759187,-71.8026678
13409636021,42.2759187,-71.8026678
13429399968,42.275937,-71.8026556
13449409962,42.2759552,-71.8026434
13469459057,42.2759733,-71.8026313
13489799023,42.2759911,-71.8026194
13509438038,42.2759911,-71.8026194
13529489041,42.2760087,-71.8026076
13549711943,42.2760257,-71.8025958
13569504023,42.2760423,-71.8025841
13589596034,42.2760583,-71.8025726
13609307051,42.2760583,-71.8025726
13629358054,42.276074,-71.8025614
13649488926,42.276089,-71.8025496
13669423104,42.2761033,-71.8025378
13705801011,42.2761171,-71.8025258
13714617968,42.2761171,-71.8025258
13729481936,42.2761301,-71.8025135
13749428988,42.2761422,-71.8025007
13769525052,42.2761534,-71.8024875
13789955140,42.2761636,-71.8024738
13809391976,42.2761636,-71.8024738
13829272032,42.2761734,-71.8024599
13849606038,42.2761819,-71.8024456
13869683981,42.27619,-71.8024317
13890012980,42.2761977,-71.8024181
13909621001,42.2761977,-71.8024181
13929518939,42.2762047,-71.8024046
13949517966,42.276211,-71.8023914
13969465971,42.2762166,-71.802379
13989255906,42.2762217,-71.8023674
14009781123,42.2762217,-71.8023674
14029345036,42.2762262,-71.802357
14049473048,42.2762304,-71.8023479
14069353104,42.2762334,-71.8023402
14089298010,42.2762357,-71.8023338
14109874964,42.2762357,-71.8023338
14129180909,42.276238,-71.8023278
14149261952,42.2762398,-71.8023224
14169405938,42.2762418,-71.8023172
14190102101,42.2762438,-71.8023118
14209317923,42.2762438,-71.8023118
14229546071,42.276245,-71.8023066
14249567032,42.276246,-71.8023014
14269393921,42.2762462,-71.8022963
14289819956,42.2762467,-71.8022911
14309411049,42.2762467,-71.8022911
14329477072,42.2762467,-71.8022855
14349402905,42.2762462,-71.8022791
14369832039,42.2762455,-71.8022726
14389979125,42.276244,-71.8022658
14409553051,42.276244,-71.8022658
14429455996,42.2762419,-71.8022585
14449569941,42.2762387,-71.8022515
14469424963,42.2762347,-71.8022442
14490091086,42.2762298,-71.8022368
14509545088,42.2762298,-71.8022368
14529359103,42.2762242,-71.8022297
14549438954,42.2762169,-71.8022231
14569896937,42.276209,-71.8022173
14589606047,42.2762003,-71.8022118
14609492064,42.2762003,-71.8022118
14629431963,42.2761904,-71.8022069
14649353028,42.2761799,-71.802202
14669985056,42.2761689,-71.8021976
14689496041,42.276157,-71.802193
14709564925,42.276157,-71.802193
14729555130,42.2761445,-71.8021886
14749860049,42.2761313,-71.8021841
14769330979,42.2761177,-71.8021792
14789302111,42.2761034,-71.8021745
14809417963,42.2761034,-71.8021745
14829442025,42.276089,-71.8021695
14854783059,42.2760742,-71.8021645
14869537116,42.2760592,-71.80216
14889265061,42.2760442,-71.8021556
14909326077,42.2760442,-71.8021556
14929260016,42.2760291,-71.8021513
14950139046,42.2760137,-71.8021472
14969444991,42.275998,-71.8021434
14989464045,42.2759824,-71.8021393
15009335041,42.2759824,-71.8021393
15029410124,42.2759663,-71.8021352
15049742938,42.2759498,-71.8021313
15069169999,42.2759335,-71.8021268
15089468003,42.2759167,-71.8021228
15109473944,42.2759167,-71.8021228
15129302979,42.2758997,-71.8021189
15149637938,42.2758829,-71.8021151
15169378043,42.2758657,-71.8021112
15189348937,42.2758482,-71.8021072
15209391118,42.2758482,-71.8021072
15229478121,42.2758306,-71.802103
15249804020,42.2758127,-71.802099
15270051003,42.2757949,-71.8020947
15289370060,42.2757769,-71.8020908
15309272051,42.2757769,-71.8020908
15329289914,42.2757589,-71.8020864
15349762917,42.2757406,-71.8020821
15369202137,42.2757225,-71.8020777
15389501095,42.2757041,-71.8020739
15409351111,42.2757041,-71.8020739
15429394007,42.2756855,-71.8020699
15450578928,42.2756669,-71.8020653
15469480038,42.2756482,-71.8020606
15489452124,42.2756297,-71.8020565
15509320021,42.2756297,-71.8020565
15529297114,42.2756115,-71.8020531
15549948931,42.2755932,-71.8020495
15569449902,42.2755749,-71.8020456
15589648962,42.2755569,-71.8020419
15609461070,42.2755569,-71.8020419
15629604102,42.2755389,-71.8020383
15649642945,42.2755214,-71.8020343
15669414044,42.2755038,-71.8020306
15689427138,42.2754864,-71.8020269
15709322930,42.2754864,-71.8020269
15729907990,42.2754695,-71.8020233
15749562026,42.2754526,-71.8020197
15769504071,42.2754359,-71.8020161
15789247990,42.2754195,-71.8020125
15809369088,42.2754195,-71.8020125
15829906941,42.2754032,-71.8020092
15849199057,42.2753873,-71.8020059
15869302989,42.275372,-71.8020028
15889550925,42.2753574,-71.802
15909169913,42.2753574,-71.802
15929296017,42.2753439,-71.8019972
15949073077,42.2753314,-71.8019945
15969352961,42.2753198,-71.8019909
15990015030,42.2753088,-71.8019873
16009356022,42.2753088,-71.8019873
16037267924,42.275298,-71.8019831
16049232007,42.2752875,-71.8019783
16069390059,42.2752776,-71.8019721
16089249135,42.2752682,-71.801965
16109297991,42.2752682,-71.801965
16129724026,42.2752601,-71.8019563
16149369002,42.2752524,-71.8019475
16169430018,42.2752449,-71.8019371
16189307929,42.2752379,-71.8019256
16209357977,42.2752379,-71.8019256
16230003119,42.275232,-71.8019128
16249198914,42.275227,-71.8018986
16269273043,42.2752228,-71.8018835
16289297104,42.2752198,-71.8018673
16309741021,42.2752198,-71.8018673
16329236985,42.2752191,-71.8018506
16349584103,42.2752182,-71.8018329
16369369030,42.2752198,-71.8018149
16389688969,42.2752212,-71.801797
16409441948,42.2752212,-71.801797
16430186034,42.275223,-71.8017783
16449322939,42.2752257,-71.8017592
16469346047,42.2752276,-71.8017399
16489269019,42.27523,-71.8017206
16509377003,42.27523,-71.8017206
16529855013,42.2752326,-71.8017002
16549353123,42.2752343,-71.8016799
16569838047,42.2752368,-71.8016594
16589404107,42.275239,-71.8016377
16609910965,42.275239,-71.8016377
16629451037,42.2752415,-71.8016156
16649416924,42.2752437,-71.8015934
16669270993,42.2752459,-71.8015713
16689218998,42.2752486,-71.8015485
16709774971,42.2752486,-71.8015485
16729231120,42.2752506,-71.8015265
16749480963,42.2752531,-71.8015043
16769257069,42.2752556,-71.8014818
16789998055,42.275258,-71.8014607
16809281111,42.275258,-71.8014607
16829339028,42.275261,-71.8014379
16849149943,42.2752638,-71.8014154
16869280100,42.2752667,-71.8013928
16889841080,42.2752696,-71.8013704
16909131051,42.2752696,-71.8013704
16929366112,42.2752723,-71.8013483
16949257136,42.2752749,-71.8013267
16970566988,42.2752774,-71.801305
16989887953,42.2752801,-71.8012836
17009937048,42.2752801,-71.8012836
17029149056,42.2752825,-71.8012625
17049349070,42.2752848,-71.8012415
17069557906,42.2752871,-71.8012209
17089257956,42.2752896,-71.8012006
17110394001,42.2752896,-71.8012006
17129235030,42.2752922,-71.80118
17149375916,42.275295,-71.8011597
17176996947,42.2752978,-71.8011394
17189203024,42.2753001,-71.8011197
17209176064,42.2753001,-71.8011197
17229243994,42.2753024,-71.8010999
17249335051,42.275305,-71.8010805
17269793034,42.2753072,-71.8010614
17289169074,42.2753097,-71.801043
17309376002,42.2753097,-71.801043
17329729081,42.275312,-71.8010255
17349371911,42.2753138,-71.8010088
17369791985,42.2753158,-71.8009927
17389286042,42.2753171,-71.8009783
17409301997,42.2753171,-71.8009783
17429234028,42.2753188,-71.8009641
17449348927,42.2753206,-71.8009513
17469943047,42.275322,-71.80094
17489252091,42.2753233,-71.8009292
17509627104,42.2753233,-71.8009292
17529444933,42.2753245,-71.80092
17550429106,42.2753252,-71.8009126
17569375992,42.275326,-71.8009057
17589769125,42.2753265,-71.8009012
17609272004,42.2753265,-71.8009012
17629190922,42.2753268,-71.8008974
17649790049,42.2753273,-71.8008949
17669212103,42.2753274,-71.8008938
17689290047,42.2753277,-71.8008937
17709329129,42.2753277,-71.8008937
17729321957,42.2753284,-71.8008928
17749815941,42.275329,-71.8008921
17769315005,42.2753294,-71.8008915
17789348126,42.2753297,-71.8008908
17810317040,42.2753297,-71.8008908
17829240084,42.27533,-71.8008903
17849755049,42.2753303,-71.8008897
17869345904,42.2753304,-71.8008893
17889385939,42.2753307,-71.8008889
17909372092,42.2753307,-71.8008889
17929811955,42.275331,-71.8008883
17949393034,42.2753312,-71.8008879
17969337941,42.2753314,-71.8008874
17989602089,42.2753316,-71.8008868
18009278059,42.2753316,-71.8008868
18029912949,42.2753318,-71.8008863
18049278975,42.275332,-71.8008857
18069246054,42.2753323,-71.8008851
18089363099,42.2753326,-71.8008844
18109364033,42.2753326,-71.8008844
18130684138,42.2753328,-71.8008838
18149384976,42.275333,-71.8008832
18169301987,42.2753332,-71.8008827
18189228058,42.2753334,-71.8008822
18209268094,42.2753334,-71.8008822
18229772091,42.2753336,-71.8008817
18249454976,42.2753338,-71.8008812
18269231081,42.2753341,-71.8008807
18289281130,42.2753342,-71.8008802
18315767050,42.2753342,-71.8008802
18329284907,42.2753344,-71.8008798
18349678040,42.2753346,-71.8008793
18369329930,42.2753349,-71.8008788
18389301062,42.275335,-71.8008784
18409884930,42.275335,-71.8008784
18429255963,42.2753351,-71.800878
18449274064,42.2753353,-71.8008777
18469394923,42.2753355,-71.8008773
18489223004,42.2753358,-71.8008768
18509681941,42.2753358,-71.8008768
18529245139,42.2753359,-71.8008764
18549205065,42.275336,-71.8008762
18569298029,42.2753362,-71.8008759
18589136124,42.2753363,-71.8008757
18609807015,42.2753363,-71.8008757
18629302979,42.2753365,-71.8008753
18649148941,42.2753365,-71.8008752
18669414044,42.2753366,-71.8008751
18689230919,42.2753366,-71.800875
18709650040,42.2753366,-71.800875
18729160071,42.2753366,-71.8008748
18749349118,42.2753367,-71.8008746
18769251109,42.2753369,-71.8008744
18789166928,42.275337,-71.8008742
18809848071,42.275337,-71.8008742
18829236985,42.2753371,-71.8008739
18849267006,42.2753372,-71.8008738
18869337082,42.2753373,-71.8008735
18889925957,42.2753375,-71.8008733
18909214020,42.2753375,-71.8008733
18929577113,42.2753375,-71.8008732
18949216128,42.2753376,-71.800873
18969173909,42.2753377,-71.8008729
18989704133,42.2753377,-71.8008726
19009218932,42.2753377,-71.8008726
19029230118,42.2753378,-71.8008723
19049288035,42.275338,-71.800872
19069936991,42.2753382,-71.8008715
19089242936,42.2753385,-71.8008712
19109434128,42.2753385,-71.8008712
19129235030,42.2753387,-71.800871
19149217129,42.2753388,-71.8008707
19169606925,42.275339,-71.8008703
19189467907,42.2753392,-71.80087
19209373951,42.2753392,-71.80087
19229088068,42.2753393,-71.8008697
19249296904,42.2753394,-71.8008694
19269894124,42.2753396,-71.8008691
19289832116,42.2753398,-71.8008687
19309389115,42.2753398,-71.8008687
19329491139,42.2753399,-71.8008683
19349307061,42.2753401,-71.8008679
19369570017,42.2753402,-71.8008675
19389147997,42.2753403,-71.8008671
19409147978,42.2753403,-71.8008671
19429090023,42.2753404,-71.8008667
19449247122,42.2753406,-71.8008662
19477355004,42.2753407,-71.8008658
19489174128,42.2753408,-71.8008654
19509248972,42.2753408,-71.8008654
19529209137,42.275341,-71.800865
19549344063,42.2753412,-71.8008645
19569572926,42.2753414,-71.8008641
19589232922,42.2753416,-71.8008636
19609211922,42.2753416,-71.8008636
19629200936,42.2753418,-71.800863
19649312973,42.275342,-71.8008624
19669760943,42.2753422,-71.8008618
19689141036,42.2753424,-71.8008613
19709280968,42.2753424,-71.8008613
19729334116,42.2753425,-71.8008607
19749763966,42.2753426,-71.8008601
19769279957,42.2753427,-71.8008594
19789320946,42.2753427,-71.8008588
19809263945,42.2753427,-71.8008588
19829814911,42.2753428,-71.8008582
19849879981,42.2753429,-71.8008576
19869342089,42.2753429,-71.800857
19889220000,42.2753429,-71.8008563
19909384013,42.2753429,-71.8008563
19929279089,42.275343,-71.8008556
19949476958,42.2753429,-71.8008551
19970181942,42.275343,-71.8008545
19989200116,42.275343,-71.800854
20009506941,42.275343,-71.800854
20029436112,42.275343,-71.8008534
20049515963,42.275343,-71.8008529
20069962025,42.275343,-71.8008523
20089359045,42.275343,-71.8008516
20109295130,42.275343,-71.8008516
20129333020,42.2753431,-71.8008505
20149220944,42.2753436,-71.8008487
20169923068,42.2753435,-71.8008465
20189270974,42.2753439,-71.8008433
20209235907,42.2753439,-71.8008433
20229551077,42.2753444,-71.8008394
20249715090,42.2753446,-71.8008346
20269127131,42.2753451,-71.8008287
20289031983,42.2753459,-71.8008218
20309292078,42.2753459,-71.8008218
20329164982,42.2753463,-71.8008142
20349589110,42.2753475,-71.8008049
20369323969,42.2753478,-71.8007952
20389179945,42.2753485,-71.800785
20409133912,42.2753485,-71.800785
20429779053,42.2753497,-71.8007733
20449136973,42.275351,-71.8007611
20469113112,42.2753524,-71.8007482
20489283085,42.2753537,-71.8007348
20509620905,42.2753537,-71.8007348
20529175044,42.2753554,-71.8007207
20549273968,42.2753574,-71.8007055
20569160939,42.2753594,-71.8006901
20589195967,42.2753612,-71.8006747
20615961075,42.2753612,-71.8006747
20629102946,42.2753636,-71.8006582
20649183989,42.2753657,-71.8006416
20669282914,42.2753682,-71.8006242
20689285994,42.2753705,-71.8006067
20709687949,42.2753705,-71.8006067
20729111910,42.2753734,-71.8005885
20749062062,42.275376,-71.8005699
20769129038,42.2753787,-71.8005513
20796992064,42.2753815,-71.8005322
20809360028,42.2753815,-71.8005322
20829277039,42.2753847,-71.800512
20849239111,42.2753876,-71.8004922
20869218111,42.2753908,-71.8004716
20889842988,42.2753938,-71.8004507
20909377099,42.2753938,-71.8004507
20929214955,42.2753968,-71.8004295
20949203015,42.2753994,-71.8004081
20970354081,42.2754025,-71.8003859
20989439965,42.2754048,-71.800364
21009608031,42.2754048,-71.800364
21029199124,42.2754072,-71.8003417
21049298048,42.2754096,-71.8003192
21069744111,42.275412,-71.8002965
21089225054,42.2754144,-71.8002735
21109291077,42.2754144,-71.8002735
21129224062,42.2754168,-71.8002505
21149913073,42.2754191,-71.8002274
21169353009,42.2754215,-71.8002048
21189590931,42.2754239,-71.8001824
21209382058,42.2754239,-71.8001824
21229227066,42.2754262,-71.8001602
21249840022,42.2754289,-71.8001382
21269197941,42.2754313,-71.8001164
21289210082,42.2754336,-71.800095
21309108019,42.2754336,-71.800095
21329165936,42.2754361,-71.8000739
21349762917,42.2754386,-71.8000531
21369194031,42.275441,-71.8000326
21389234066,42.2754434,-71.8000125
21409224987,42.2754434,-71.8000125
21429738999,42.2754453,-71.7999935
21449136019,42.2754473,-71.7999744
21469090939,42.2754495,-71.7999552
21489161969,42.2754514,-71.7999365
21509714127,42.2754514,-71.7999365
21529284955,42.2754535,-71.7999182
21549283982,42.2754556,-71.7998999
21569201947,42.2754575,-71.7998827
21589365006,42.2754595,-71.7998656
21609225989,42.2754595,-71.7998656
21629095078,42.2754614,-71.7998482
21649181128,42.2754632,-71.7998317
21669137955,42.2754649,-71.7998153
21703506947,42.2754668,-71.799799
21712448121,42.2754668,-71.799799
21729167939,42.2754684,-71.7997826
21749018908,42.2754701,-71.7997671
21769637108,42.2754718,-71.7997522
21789060116,42.2754733,-71.7997385
21809216977,42.2754733,-71.7997385
21829224110,42.2754747,-71.7997253
21849260092,42.275476,-71.7997134
21870755911,42.2754771,-71.7997024
21889147997,42.2754779,-71.7996918
21909183026,42.2754779,-71.7996918
21929049015,42.2754789,-71.7996817
21949686051,42.2754797,-71.7996722
21969197035,42.2754808,-71.7996628
21989171982,42.2754817,-71.7996534
22010133982,42.2754817,-71.7996534
22029276133,42.2754827,-71.7996448
22049840928,42.2754833,-71.7996365
22069272995,42.2754838,-71.799629
22089056015,42.2754842,-71.7996225
22109090090,42.2754842,-71.7996225
22129620076,42.2754846,-71.7996164
22149231911,42.2754847,-71.7996114
22169127942,42.2754854,-71.7996064
22189461947,42.2754857,-71.7996028
22209172965,42.2754857,-71.7996028
22229623080,42.2754859,-71.799599
22249241114,42.275486,-71.7995956
22269146920,42.2754862,-71.7995914
22289191962,42.2754864,-71.799587
22309256077,42.2754864,-71.799587
22329750061,42.275486,-71.7995831
22349256039,42.2754859,-71.7995787
22369295121,42.2754855,-71.7995743
22389190913,42.275485,-71.7995689
22409390927,42.275485,-71.7995689
22428993941,42.2754842,-71.7995627
22449193001,42.2754831,-71.7995559
22469198943,42.2754812,-71.7995481
22489321948,42.2754791,-71.7995404
22509851933,42.2754791,-71.7995404
22529169083,42.2754762,-71.7995328
22549238921,42.2754727,-71.7995256
22569072962,42.2754686,-71.7995175
22589493990,42.2754637,-71.7995099
22609242917,42.2754637,-71.7995099
22629068137,42.2754585,-71.7995021
22649128914,42.2754527,-71.7994966
22669390917,42.2754459,-71.7994912
22689268113,42.2754383,-71.7994849
22709141970,42.2754383,-71.7994849
22729381085,42.2754299,-71.799479
22749125958,42.2754209,-71.7994756
22777225018,42.2754114,-71.7994698
22789103032,42.2754012,-71.7994651
22809267998,42.2754012,-71.7994651
22829203129,42.27539,-71.7994632
22849740983,42.275378,-71.7994597
22869383097,42.2753659,-71.7994563
22889193058,42.2753531,-71.7994548
22909110070,42.2753531,-71.7994548
22929170132,42.27534,-71.7994533
22949703932,42.275327,-71.799451
22969192982,42.2753144,-71.7994495
22989223958,42.2753019,-71.7994483
23009122134,42.2753019,-71.7994483
23029582024,42.2752888,-71.799447
23049237013,42.2752759,-71.7994446
23069045067,42.2752623,-71.7994432
23089158059,42.2752487,-71.7994415
23109193087,42.2752487,-71.7994415
23129643918,42.2752347,-71.7994393
23149122000,42.2752208,-71.7994372
23169173956,42.2752065,-71.7994351
23189343930,42.275192,-71.7994331
23209645987,42.275192,-71.7994331
23229511023,42.2751773,-71.799431
23249149085,42.2751624,-71.7994283
23269127131,42.2751474,-71.7994256
23289039135,42.2751321,-71.7994226
23309741021,42.2751321,-71.7994226
23329196930,42.2751167,-71.7994198
23349306107,42.275101,-71.799417
23369319916,42.2750853,-71.7994139
23389667988,42.275069,-71.7994103
23409214020,42.275069,-71.7994103
23429188967,42.2750527,-71.799407
23449280978,42.2750363,-71.7994038
23469964028,42.2750198,-71.7994005
23489300013,42.2750034,-71.7993978
23509272099,42.2750034,-71.7993978
23529175997,42.2749869,-71.7993946
23549201966,42.2749708,-71.7993933
23569842101,42.2749545,-71.79939
23589133978,42.2749386,-71.7993877
23609121085,42.2749386,-71.7993877
23629163027,42.2749229,-71.7993859
23649008990,42.2749072,-71.7993838
23669793129,42.2748916,-71.7993817
23689764977,42.2748761,-71.7993819
23709043980,42.2748761,-71.7993819
23729097128,42.274861,-71.799379
23749432087,42.2748461,-71.7993748
23769290925,42.2748311,-71.7993724
23789150954,42.2748167,-71.7993689
23809268952,42.2748167,-71.7993689
23842134953,42.2748038,-71.7993535
23849016905,42.2747898,-71.7993493
23869344950,42.2747775,-71.7993359
23889131070,42.2747638,-71.7993324
23909651995,42.2747638,-71.7993324
23929125071,42.2747501,-71.7993315
23949365139,42.2747367,-71.7993289
23969139100,42.2747235,-71.7993272
23989193917,42.2747104,-71.7993266
24010078907,42.2747104,-71.7993266
24029086113,42.2746984,-71.799321
24049248934,42.274686,-71.7993182
24069065094,42.2746733,-71.7993169
24089580060,42.2746613,-71.7993149
24109097958,42.2746613,-71.7993149
24129065991,42.2746495,-71.7993114
24149119139,42.2746376,-71.7993078
24169480086,42.2746257,-71.7993057
24189285040,42.2746138,-71.7993044
24209168911,42.2746138,-71.7993044
24229300023,42.2746023,-71.7993023
24249234915,42.2745908,-71.7992992
24269659996,42.2745795,-71.7992975
24289024115,42.2745681,-71.7992956
24309052945,42.2745681,-71.7992956
24329078913,42.274557,-71.7992937
24349195004,42.2745462,-71.7992915
24369889975,42.2745355,-71.7992886
24389019013,42.2745248,-71.799286
24409343958,42.2745248,-71.799286
24429091931,42.2745139,-71.7992836
24449201107,42.2745028,-71.7992818
24469303132,42.274492,-71.7992798
24489294053,42.2744805,-71.7992767
24509105921,42.2744805,-71.7992767
24529210091,42.2744691,-71.7992747
24549834967,42.2744569,-71.7992727
24569047928,42.2744452,-71.7992701
24589898110,42.274433,-71.7992694
24609194041,42.274433,-71.7992694
24629244090,42.2744212,-71.7992658
24649668932,42.2744097,-71.7992655
24669111968,42.2743986,-71.7992606
24689073086,42.2743877,-71.7992565
24709007979,42.2743877,-71.7992565
24729241133,42.2743766,-71.7992523
24749767065,42.2743656,-71.7992477
24769294978,42.2743551,-71.7992427
24789181948,42.2743451,-71.7992371
24809161902,42.2743451,-71.7992371
24829165936,42.2743354,-71.7992325
24849097968,42.2743263,-71.7992255
24869076014,42.2743177,-71.7992187
24889265061,42.2743097,-71.7992108
24909081936,42.2743097,-71.7992108
24940486908,42.2743021,-71.7992037
24949003935,42.2742949,-71.7991963
24969175101,42.2742881,-71.7991889
24989156962,42.2742826,-71.7991792
25009227992,42.2742826,-71.7991792
25029515028,42.2742771,-71.7991712
25048989058,42.2742726,-71.7991619
25069207907,42.2742686,-71.7991516
25089261055,42.2742656,-71.7991403
25109174967,42.2742656,-71.7991403
25130010128,42.2742637,-71.7991295
25149260998,42.274262,-71.7991184
25169119120,42.2742614,-71.7991069
25189108134,42.2742609,-71.7990963
25209491969,42.2742609,-71.7990963
25229084015,42.2742608,-71.7990871
25249166966,42.274261,-71.7990762
25269051075,42.2742619,-71.7990656
25289073945,42.2742624,-71.7990554
25310425997,42.2742624,-71.7990554
25329080105,42.2742631,-71.7990435
25349087954,42.2742637,-71.799032
25369102002,42.2742644,-71.7990207
25389563084,42.2742651,-71.7990092
25409079075,42.2742651,-71.7990092
25429115057,42.2742663,-71.7989975
25449093104,42.2742672,-71.7989858
25469345093,42.274268,-71.798974
25490400076,42.2742689,-71.7989626
25509145976,42.2742689,-71.7989626
25529356957,42.2742699,-71.7989509
25549098969,42.2742708,-71.798938
25569756031,42.2742717,-71.7989254
25589077950,42.2742728,-71.7989137
25609347105,42.2742728,-71.7989137
25629193068,42.2742737,-71.7989029
25649291993,42.2742746,-71.7988914
25670284033,42.2742754,-71.7988798
25689101935,42.2742765,-71.7988683
25709145070,42.2742765,-71.7988683
25729032994,42.274278,-71.7988567
25749349118,42.2742791,-71.7988459
25769022942,42.2742804,-71.7988346
25788968087,42.2742818,-71.7988233
25809013129,42.2742818,-71.7988233
25828969002,42.2742832,-71.7988117
25849932909,42.2742847,-71.7987998
25869092942,42.2742861,-71.7987877
25889282942,42.2742875,-71.7987756
25909117938,42.2742875,-71.7987756
25929076910,42.2742891,-71.798763
25949482918,42.2742904,-71.7987513
25969094038,42.2742921,-71.7987381
25989017010,42.2742937,-71.798725
26009130002,42.2742937,-71.798725
26037149907,42.2742955,-71.7987111
26048960925,42.2742973,-71.7986973
26069229126,42.2742988,-71.7986828
26089137078,42.2743009,-71.7986684
26109477044,42.2743009,-71.7986684
26129034043,42.2743023,-71.7986536
26149183989,42.2743041,-71.7986386
26169133902,42.2743057,-71.7986234
26189139128,42.2743072,-71.7986081
26210007906,42.2743072,-71.7986081
26229089976,42.2743088,-71.7985927
26249079943,42.2743103,-71.798577
26269150019,42.2743119,-71.798561
26289998055,42.2743134,-71.7985449
26309216023,42.2743134,-71.7985449
26329097033,42.2743149,-71.7985288
26349062920,42.2743163,-71.7985124
26369549990,42.2743178,-71.7984959
26388973952,42.2743192,-71.7984793
26409035922,42.2743192,-71.7984793
26429347039,42.2743209,-71.7984623
26449086905,42.2743228,-71.7984453
26469818116,42.2743251,-71.798428
26489048958,42.2743276,-71.7984109
26509022952,42.2743276,-71.7984109
26529005051,42.2743307,-71.7983935
26549436093,42.2743345,-71.7983758
26569240094,42.2743389,-71.798358
26589153052,42.2743438,-71.7983402
26609447957,42.2743438,-71.7983402
26629539967,42.2743493,-71.7983228
26648930073,42.2743553,-71.7983057
26669042111,42.2743621,-71.7982889
26689121008,42.2743696,-71.7982722
26709635020,42.2743696,-71.7982722
26729057074,42.2743779,-71.7982558
26749076128,42.2743866,-71.7982401
26769118071,42.2743957,-71.7982249
26789078951,42.2744055,-71.7982108
26809628964,42.2744055,-71.7982108
26828984976,42.2744158,-71.7981972
26848871947,42.2744269,-71.7981844
26869153977,42.2744385,-71.7981723
26889650107,42.2744507,-71.7981611
26909070015,42.2744507,-71.7981611
26929126025,42.2744634,-71.7981507
26949157954,42.2744767,-71.7981416
26969202996,42.2744903,-71.7981338
26989365101,42.2745042,-71.7981272
27009074927,42.2745042,-71.7981272
27029145003,42.2745186,-71.7981215
27049005986,42.2745332,-71.7981169
27096544981,42.2745481,-71.7981134
27102627993,42.2745634,-71.7981107
27108976126,42.2745634,-71.7981107
27128968955,42.2745787,-71.7981089
27149107933,42.2745943,-71.7981081
27169826985,42.2746098,-71.7981082
27189261914,42.2746252,-71.798109
27209239960,42.2746252,-71.798109
27229064942,42.2746408,-71.7981104
27249053002,42.2746568,-71.7981129
27269716025,42.2746725,-71.7981154
27289019108,42.2746883,-71.7981187
27309090138,42.2746883,-71.7981187
27329107047,42.2747041,-71.7981224
27349859000,42.2747196,-71.7981269
27369039059,42.2747351,-71.7981316
27389334918,42.2747508,-71.798136
27409119130,42.2747508,-71.798136
27429600955,42.2747665,-71.798141
27449831009,42.2747823,-71.798146
27469254017,42.2747981,-71.7981512
27489016057,42.274814,-71.7981559
27509058953,42.274814,-71.7981559
27529714108,42.27483,-71.7981607
27548901082,42.2748461,-71.7981658
27569561959,42.274862,-71.7981713
27589057923,42.2748782,-71.7981767
27609523058,42.2748782,-71.7981767
27628942013,42.2748944,-71.798182
27649070979,42.2749105,-71.7981881
27669104100,42.2749267,-71.7981941
27688920975,42.274943,-71.7982001
27709880114,42.274943,-71.7982001
27729051114,42.2749592,-71.7982065
27749320984,42.2749757,-71.7982122
27768894911,42.274992,-71.7982186
27789057970,42.2750082,-71.7982249
27809510947,42.2750082,-71.7982249
27829103947,42.2750247,-71.798231
27848977089,42.2750414,-71.7982368
27869029046,42.2750583,-71.7982427
27890280962,42.2750752,-71.7982483
27909061909,42.2750752,-71.7982483
27929001093,42.2750913,-71.7982551
27948997021,42.2751077,-71.7982625
27969126940,42.2751244,-71.7982692
27989569903,42.2751409,-71.7982763
28009040118,42.2751409,-71.7982763
28029174090,42.2751572,-71.7982839
28049082041,42.2751737,-71.7982908
28069600106,42.2751904,-71.7982969
28089087964,42.2752076,-71.7983014
28108993054,42.2752076,-71.7983014
28128940106,42.2752243,-71.7983079
28149004937,42.2752408,-71.798315
28178580046,42.2752572,-71.7983223
28189124108,42.2752737,-71.7983288
28209199906,42.2752737,-71.7983288
28228984118,42.27529,-71.798335
28249826909,42.275306,-71.7983422
28269073010,42.2753218,-71.7983503
28289160967,42.2753381,-71.7983566
28309108973,42.2753381,-71.7983566
28329052926,42.2753547,-71.7983617
28349744082,42.2753709,-71.7983682
28369096041,42.2753866,-71.7983743
28389034987,42.2754027,-71.7983802
28408978940,42.2754027,-71.7983802
28429654122,42.2754187,-71.798386
28449620963,42.275434,-71.7983929
28469074965,42.27545,-71.7983977
28489036084,42.2754652,-71.7984043
28509059906,42.2754652,-71.7984043
28528948069,42.2754806,-71.7984111
28549379111,42.2754954,-71.7984184
28569051028,42.2755099,-71.7984255
28589096070,42.2755249,-71.7984309
28609194041,42.2755249,-71.7984309
28629559994,42.2755396,-71.7984372
28648946047,42.2755541,-71.7984428
28669019938,42.2755691,-71.7984468
28688959122,42.2755832,-71.7984533
28708949090,42.2755832,-71.7984533
28729497910,42.2755973,-71.7984595
28748980999,42.2756115,-71.7984651
28769072056,42.2756257,-71.7984702
28790035964,42.2756398,-71.7984762
28809087038,42.2756398,-71.7984762
28830260039,42.2756537,-71.7984822
28849028111,42.2756678,-71.7984875
28869101048,42.2756816,-71.7984924
28889002085,42.2756957,-71.7984961
28909421921,42.2756957,-71.7984961
28928998948,42.2757097,-71.7984992
28949125052,42.2757232,-71.7985026
28969315052,42.2757362,-71.7985065
28989157916,42.2757491,-71.7985099
29009774924,42.2757491,-71.7985099
29029065133,42.2757617,-71.7985136
29049005986,42.2757741,-71.798517
29068933011,42.2757862,-71.798521
29089432955,42.2757978,-71.798525
29109164000,42.2757978,-71.798525
29129065991,42.2758088,-71.7985298
29149151087,42.2758194,-71.7985336
29169075013,42.2758297,-71.7985366
29189388991,42.2758396,-71.7985399
29209051133,42.2758396,-71.7985399
29229007006,42.2758486,-71.7985432
29249176026,42.275857,-71.7985469
29269117117,42.2758649,-71.7985509
29304759026,42.2758724,-71.7985555
29314106942,42.2758724,-71.7985555
29328862906,42.2758793,-71.7985605
29348809958,42.2758854,-71.7985659
29369065047,42.2758908,-71.7985717
29389593125,42.2758957,-71.7985778
29408896924,42.2758957,-71.7985778
29428967953,42.2758998,-71.7985843
29448868990,42.2759032,-71.798592
29469777108,42.2759063,-71.7985995
29489052058,42.2759085,-71.7986079
29509226084,42.2759085,-71.7986079
29528926135,42.2759097,-71.7986159
29549176932,42.275911,-71.7986247
29569544077,42.2759121,-71.7986326
29589146138,42.2759118,-71.7986406
29609082938,42.2759118,-71.7986406
29629111052,42.2759113,-71.7986485
29649260998,42.2759108,-71.7986566
29669666052,42.2759101,-71.7986648
29688950062,42.2759097,-71.7986729
29708960057,42.2759097,-71.7986729
29729098082,42.275909,-71.7986806
29749462128,42.2759084,-71.7986883
29769308091,42.2759078,-71.7986962
29788975001,42.2759078,-71.7987037
29808957100,42.2759078,-71.7987037
29829021931,42.2759074,-71.7987123
29849705935,42.2759074,-71.7987208
29869064093,42.2759071,-71.7987294
29888962031,42.2759069,-71.7987382
29908859969,42.2759069,-71.7987382
29929129124,42.2759069,-71.7987468
29949640036,42.2759066,-71.7987556
29969027997,42.2759062,-71.7987641
29988810063,42.275906,-71.7987719
30008898974,42.275906,-71.7987719
30029099942,42.2759055,-71.7987797
30048989058,42.2759049,-71.7987868
30070358038,42.2759039,-71.7987934
30088936091,42.2759029,-71.7987998
30109005928,42.2759029,-71.7987998
30129108906,42.2759016,-71.7988063
30149501086,42.2759004,-71.7988126
30168997050,42.2758991,-71.7988188
30189001084,42.2758979,-71.7988254
30208966971,42.2758979,-71.7988254
30228950978,42.2758965,-71.798831
30249646903,42.2758946,-71.7988368
30268780947,42.2758927,-71.7988422
30289003134,42.2758909,-71.7988471
30308969021,42.2758909,-71.7988471
30329169035,42.2758888,-71.7988523
30348916054,42.2758868,-71.7988573
30368945122,42.275885,-71.7988619
30389028073,42.275883,-71.7988668
30409084082,42.275883,-71.7988668
30444102049,42.2758812,-71.7988715
30452045918,42.2758794,-71.7988762
30468974114,42.275878,-71.7988798
30489026070,42.2758769,-71.7988822
30509052039,42.2758769,-71.7988822
30529525042,42.2758764,-71.7988835
30548869133,42.2758762,-71.7988836
30569073916,42.275876,-71.798884
30588836909,42.2758759,-71.7988842
30609239102,42.2758759,-71.7988842
30629637003,42.2758758,-71.7988844
30648983956,42.2758757,-71.7988844
30669018031,42.2758756,-71.7988844
30688888073,42.2758756,-71.7988845
30708830119,42.2758756,-71.7988845
30729488135,42.2758755,-71.7988846
30748979092,42.2758755,-71.7988848
30769084931,42.2758754,-71.7988848
30789590121,42.2758754,-71.7988849
30808978081,42.2758754,-71.7988849
30829072953,42.2758753,-71.7988849
30849494935,42.2758753,-71.7988849
30868928910,42.2758754,-71.7988849
30888948918,42.2758753,-71.7988848
30909033061,42.2758753,-71.7988848
30929027081,42.2758753,-71.7988848
30949537993,42.2758753,-71.7988848
30969686032,42.2758753,-71.7988845
30988984108,42.2758753,-71.7988838
31009287119,42.2758753,-71.7988838
31029038907,42.2758754,-71.7988826
31049498082,42.2758755,-71.7988811
31069054127,42.2758757,-71.7988792
31088966132,42.2758761,-71.7988771
31109086037,42.2758761,-71.7988771
31129759074,42.2758765,-71.7988748
31149091959,42.2758768,-71.7988723
31168993950,42.2758773,-71.7988696
31188935042,42.2758778,-71.7988665
31208920002,42.2758778,-71.7988665
31228971005,42.2758785,-71.7988635
31249604941,42.2758791,-71.7988606
31268821002,42.2758795,-71.7988579
31289483071,42.2758801,-71.7988555
31308865071,42.2758801,-71.7988555
31328987122,42.2758806,-71.7988534
31349349976,42.2758809,-71.7988513
31368941069,42.2758813,-71.7988492
31389009953,42.2758817,-71.7988473
31409064055,42.2758817,-71.7988473
31429775954,42.2758822,-71.7988453
31448877097,42.2758827,-71.7988432
31468926907,42.2758833,-71.7988413
31488953114,42.2758838,-71.798839
31508909941,42.2758838,-71.798839
31529225111,42.2758845,-71.798837
31548859120,42.2758851,-71.7988349
31569020987,42.2758858,-71.7988327
31589021922,42.2758865,-71.7988304
31609038115,42.2758865,-71.7988304
31641576052,42.2758873,-71.7988279
31651946068,42.2758882,-71.7988259
31668798924,42.2758892,-71.7988238
31688956023,42.2758902,-71.7988215
31708920956,42.2758902,-71.7988215
31729372025,42.2758911,-71.7988194
31748969079,42.2758922,-71.7988172
31768822909,42.2758933,-71.7988149
31789411068,42.2758944,-71.798813
31809520960,42.2758944,-71.798813
31828859091,42.275896,-71.7988108
31848956109,42.2758974,-71.798809
31869015933,42.2758993,-71.7988069
31889017106,42.2759014,-71.7988045
31909343958,42.2759014,-71.7988045
31929028988,42.2759034,-71.7988029
31948962927,42.2759056,-71.7988009
31968818903,42.2759079,-71.7987989
31988821984,42.2759099,-71.7987975
32009311915,42.2759099,-71.7987975
32028974057,42.2759122,-71.7987962
32048984051,42.2759142,-71.7987953
32068998099,42.2759163,-71.7987941
32089447022,42.2759183,-71.7987933
32109069109,42.2759183,-71.7987933
32129012108,42.2759197,-71.7987927
32149013043,42.2759213,-71.7987922
32168848992,42.275923,-71.7987916
32189373970,42.2759246,-71.7987906
32208974123,42.2759246,-71.7987906
32229208947,42.2759261,-71.7987898
32249107123,42.2759275,-71.7987894
32269076109,42.275929,-71.798789
32289458991,42.2759302,-71.7987889
32308851004,42.2759302,-71.7987889
32328895092,42.2759315,-71.7987889
32348823071,42.2759327,-71.798789
32369379998,42.275934,-71.798789
32388895989,42.2759353,-71.7987892
32409065009,42.2759353,-71.7987892
32429012061,42.2759364,-71.7987896
32448955060,42.275937,-71.7987896
32470268012,42.2759375,-71.7987896
32488981009,42.2759379,-71.7987895
32508940936,42.2759379,-71.7987895
32528891087,42.2759382,-71.7987891
32548887015,42.2759387,-71.798789
32569719077,42.2759392,-71.798789
32588820935,42.2759399,-71.7987894
32608868123,42.2759399,-71.7987894
32628958941,42.2759408,-71.7987897
32650519133,42.2759418,-71.7987899
32669132948,42.2759426,-71.7987899
32689022065,42.2759434,-71.7987901
32708945036,42.2759434,-71.7987901
32729002953,42.2759444,-71.7987903
32772511960,42.2759451,-71.7987905
32776922942,42.2759458,-71.7987904
32788763047,42.2759465,-71.7987905
32808933974,42.2759465,-71.7987905
32829296113,42.2759471,-71.7987904
32849643946,42.2759477,-71.7987904
32868947983,42.2759481,-71.7987901
32888835907,42.2759481,-71.7987897
32908927918,42.2759481,-71.7987897
32928837061,42.2759481,-71.7987894
32949428082,42.2759481,-71.798789
32968846083,42.2759481,-71.7987886
32988927126,42.2759481,-71.7987883
33009299040,42.2759481,-71.7987883
33028862000,42.275948,-71.7987879
33049583912,42.275948,-71.7987875
33069042922,42.2759479,-71.7987871
33088762045,42.2759478,-71.7987868
33108865977,42.2759478,-71.7987868
33128909111,42.2759478,-71.7987864
33149677992,42.2759478,-71.7987861
33168980122,42.2759478,-71.7987858
33189077139,42.2759478,-71.7987854
33208941937,42.2759478,-71.7987854
33229254008,42.2759479,-71.798785
33249450922,42.2759479,-71.7987847
33268949986,42.275948,-71.7987843
33288872958,42.2759481,-71.798784
33308929921,42.2759481,-71.798784
33328858138,42.2759482,-71.7987836
33349409104,42.2759484,-71.7987833
33369056941,42.2759485,-71.798783
33389020920,42.2759486,-71.7987827
33409178019,42.2759486,-71.7987827
33428997040,42.2759488,-71.7987824
33449407101,42.2759489,-71.798782
33468909979,42.2759491,-71.7987816
33488861084,42.2759493,-71.7987813
33508893967,42.2759493,-71.7987813
33528734923,42.2759495,-71.7987808
